OBS_VALUE,TIME_FORMAT,UNIT_MULT,COMMENT_OBS,OBS_STATUS,OBS_CONF,AGG_METHOD,DECIMALS,COMMENT_TS,DATA_SOURCE,LATEST_DATA,DATABASE_ID,INDICATOR,REF_AREA,SEX,AGE,URBANISATION,COMP_BREAKDOWN_1,COMP_BREAKDOWN_2,COMP_BREAKDOWN_3,TIME_PERIOD,FREQ,UNIT_MEASURE,UNIT_TYPE
5.20351,602,0,,A,PU,MEAN,,,,False,ITU_GCI,ITU_GCI_GCI_OVRL_SCRE,AFG,_T,_T,_T,_Z,_Z,_Z,2020,A,0_TO_100,
64.3211,602,0,,A,PU,MEAN,,,,False,ITU_GCI,ITU_GCI_GCI_OVRL_SCRE,ALB,_T,_T,_T,_Z,_Z,_Z,2020,A,0_TO_100,
33.9496,602,0,,A,PU,MEAN,,,,False,ITU_GCI,ITU_GCI_GCI_OVRL_SCRE,DZA,_T,_T,_T,_Z,_Z,_Z,2020,A,0_TO_100,
26.3785,602,0,,A,PU,MEAN,,,,False,ITU_GCI,ITU_GCI_GCI_OVRL_SCRE,AND,_T,_T,_T,_Z,_Z,_Z,2020,A,0_TO_100,
12.9941,602,0,,A,PU,MEAN,,,,False,ITU_GCI,ITU_GCI_GCI_OVRL_SCRE,AGO,_T,_T,_T,_Z,_Z,_Z,2020,A,0_TO_100,
15.6152,602,0,,A,PU,MEAN,,,,False,ITU_GCI,ITU_GCI_GCI_OVRL_SCRE,ATG,_T,_T,_T,_Z,_Z,_Z,2020,A,0_TO_100,
50.119,602,0,,A,PU,MEAN,,,,False,ITU_GCI,ITU_GCI_GCI_OVRL_SCRE,ARG,_T,_T,_T,_Z,_Z,_Z,2020,A,0_TO_100,
50.4741,602,0,,A,PU,MEAN,,,,False,ITU_GCI,ITU_GCI_GCI_OVRL_SCRE,ARM,_T,_T,_T,_Z,_Z,_Z,2020,A,0_TO_100,
97.4674,602,0,,A,PU,MEAN,,,,False,ITU_GCI,ITU_GCI_GCI_OVRL_SCRE,AUS,_T,_T,_T,_Z,_Z,_Z,2020,A,0_TO_100,
93.8931,602,0,,A,PU,MEAN,,,,False,ITU_GCI,ITU_GCI_GCI_OVRL_SCRE,AUT,_T,_T,_T,_Z,_Z,_Z,2020,A,0_TO_100,
89.3098,602,0,,A,PU,MEAN,,,,False,ITU_GCI,ITU_GCI_GCI_OVRL_SCRE,AZE,_T,_T,_T,_Z,_Z,_Z,2020,A,0_TO_100,
13.3669,602,0,,A,PU,MEAN,,,,False,ITU_GCI,ITU_GCI_GCI_OVRL_SCRE,BHS,_T,_T,_T,_Z,_Z,_Z,2020,A,0_TO_100,
77.8595,602,0,,A,PU,MEAN,,,,False,ITU_GCI,ITU_GCI_GCI_OVRL_SCRE,BHR,_T,_T,_T,_Z,_Z,_Z,2020,A,0_TO_100,
81.2704,602,0,,A,PU,MEAN,,,,False,ITU_GCI,ITU_GCI_GCI_OVRL_SCRE,BGD,_T,_T,_T,_Z,_Z,_Z,2020,A,0_TO_100,
16.894,602,0,,A,PU,MEAN,,,,False,ITU_GCI,ITU_GCI_GCI_OVRL_SCRE,BRB,_T,_T,_T,_Z,_Z,_Z,2020,A,0_TO_100,
50.5668,602,0,,A,PU,MEAN,,,,False,ITU_GCI,ITU_GCI_GCI_OVRL_SCRE,BLR,_T,_T,_T,_Z,_Z,_Z,2020,A,0_TO_100,
96.2542,602,0,,A,PU,MEAN,,,,False,ITU_GCI,ITU_GCI_GCI_OVRL_SCRE,BEL,_T,_T,_T,_Z,_Z,_Z,2020,A,0_TO_100,
10.2901,602,0,,A,PU,MEAN,,,,False,ITU_GCI,ITU_GCI_GCI_OVRL_SCRE,BLZ,_T,_T,_T,_Z,_Z,_Z,2020,A,0_TO_100,
80.0641,602,0,,A,PU,MEAN,,,,False,ITU_GCI,ITU_GCI_GCI_OVRL_SCRE,BEN,_T,_T,_T,_Z,_Z,_Z,2020,A,0_TO_100,
18.343,602,0,,A,PU,MEAN,,,,False,ITU_GCI,ITU_GCI_GCI_OVRL_SCRE,BTN,_T,_T,_T,_Z,_Z,_Z,2020,A,0_TO_100,
16.1381,602,0,,A,PU,MEAN,,,,False,ITU_GCI,ITU_GCI_GCI_OVRL_SCRE,BOL,_T,_T,_T,_Z,_Z,_Z,2020,A,0_TO_100,
29.4439,602,0,,A,PU,MEAN,,,,False,ITU_GCI,ITU_GCI_GCI_OVRL_SCRE,BIH,_T,_T,_T,_Z,_Z,_Z,2020,A,0_TO_100,
53.0561,602,0,,A,PU,MEAN,,,,False,ITU_GCI,ITU_GCI_GCI_OVRL_SCRE,BWA,_T,_T,_T,_Z,_Z,_Z,2020,A,0_TO_100,
96.598,602,0,,A,PU,MEAN,,,,False,ITU_GCI,ITU_GCI_GCI_OVRL_SCRE,BRA,_T,_T,_T,_Z,_Z,_Z,2020,A,0_TO_100,
56.0725,602,0,,A,PU,MEAN,,,,False,ITU_GCI,ITU_GCI_GCI_OVRL_SCRE,BRN,_T,_T,_T,_Z,_Z,_Z,2020,A,0_TO_100,
67.3824,602,0,,A,PU,MEAN,,,,False,ITU_GCI,ITU_GCI_GCI_OVRL_SCRE,BGR,_T,_T,_T,_Z,_Z,_Z,2020,A,0_TO_100,
39.9832,602,0,,A,PU,MEAN,,,,False,ITU_GCI,ITU_GCI_GCI_OVRL_SCRE,BFA,_T,_T,_T,_Z,_Z,_Z,2020,A,0_TO_100,
1.72796,602,0,,A,PU,MEAN,,,,False,ITU_GCI,ITU_GCI_GCI_OVRL_SCRE,BDI,_T,_T,_T,_Z,_Z,_Z,2020,A,0_TO_100,
17.7401,602,0,,A,PU,MEAN,,,,False,ITU_GCI,ITU_GCI_GCI_OVRL_SCRE,CPV,_T,_T,_T,_Z,_Z,_Z,2020,A,0_TO_100,
19.1159,602,0,,A,PU,MEAN,,,,False,ITU_GCI,ITU_GCI_GCI_OVRL_SCRE,KHM,_T,_T,_T,_Z,_Z,_Z,2020,A,0_TO_100,
45.6266,602,0,,A,PU,MEAN,,,,False,ITU_GCI,ITU_GCI_GCI_OVRL_SCRE,CMR,_T,_T,_T,_Z,_Z,_Z,2020,A,0_TO_100,
97.6739,602,0,,A,PU,MEAN,,,,False,ITU_GCI,ITU_GCI_GCI_OVRL_SCRE,CAN,_T,_T,_T,_Z,_Z,_Z,2020,A,0_TO_100,
3.24338,602,0,,A,PU,MEAN,,,,False,ITU_GCI,ITU_GCI_GCI_OVRL_SCRE,CAF,_T,_T,_T,_Z,_Z,_Z,2020,A,0_TO_100,
40.4406,602,0,,A,PU,MEAN,,,,False,ITU_GCI,ITU_GCI_GCI_OVRL_SCRE,TCD,_T,_T,_T,_Z,_Z,_Z,2020,A,0_TO_100,
68.8274,602,0,,A,PU,MEAN,,,,False,ITU_GCI,ITU_GCI_GCI_OVRL_SCRE,CHL,_T,_T,_T,_Z,_Z,_Z,2020,A,0_TO_100,
92.534,602,0,,A,PU,MEAN,,,,False,ITU_GCI,ITU_GCI_GCI_OVRL_SCRE,CHN,_T,_T,_T,_Z,_Z,_Z,2020,A,0_TO_100,
63.7247,602,0,,A,PU,MEAN,,,,False,ITU_GCI,ITU_GCI_GCI_OVRL_SCRE,COL,_T,_T,_T,_Z,_Z,_Z,2020,A,0_TO_100,
3.72399,602,0,,A,PU,MEAN,,,,False,ITU_GCI,ITU_GCI_GCI_OVRL_SCRE,COM,_T,_T,_T,_Z,_Z,_Z,2020,A,0_TO_100,
14.7177,602,0,,A,PU,MEAN,,,,False,ITU_GCI,ITU_GCI_GCI_OVRL_SCRE,COG,_T,_T,_T,_Z,_Z,_Z,2020,A,0_TO_100,
67.4522,602,0,,A,PU,MEAN,,,,False,ITU_GCI,ITU_GCI_GCI_OVRL_SCRE,CRI,_T,_T,_T,_Z,_Z,_Z,2020,A,0_TO_100,
67.8232,602,0,,A,PU,MEAN,,,,False,ITU_GCI,ITU_GCI_GCI_OVRL_SCRE,CIV,_T,_T,_T,_Z,_Z,_Z,2020,A,0_TO_100,
92.5259,602,0,,A,PU,MEAN,,,,False,ITU_GCI,ITU_GCI_GCI_OVRL_SCRE,HRV,_T,_T,_T,_Z,_Z,_Z,2020,A,0_TO_100,
58.7572,602,0,,A,PU,MEAN,,,,False,ITU_GCI,ITU_GCI_GCI_OVRL_SCRE,CUB,_T,_T,_T,_Z,_Z,_Z,2020,A,0_TO_100,
88.8189,602,0,,A,PU,MEAN,,,,False,ITU_GCI,ITU_GCI_GCI_OVRL_SCRE,CYP,_T,_T,_T,_Z,_Z,_Z,2020,A,0_TO_100,
74.373,602,0,,A,PU,MEAN,,,,False,ITU_GCI,ITU_GCI_GCI_OVRL_SCRE,CZE,_T,_T,_T,_Z,_Z,_Z,2020,A,0_TO_100,
1.34757,602,0,,A,PU,MEAN,,,,False,ITU_GCI,ITU_GCI_GCI_OVRL_SCRE,PRK,_T,_T,_T,_Z,_Z,_Z,2020,A,0_TO_100,
5.29665,602,0,,A,PU,MEAN,,,,False,ITU_GCI,ITU_GCI_GCI_OVRL_SCRE,COD,_T,_T,_T,_Z,_Z,_Z,2020,A,0_TO_100,
92.5964,602,0,,A,PU,MEAN,,,,False,ITU_GCI,ITU_GCI_GCI_OVRL_SCRE,DNK,_T,_T,_T,_Z,_Z,_Z,2020,A,0_TO_100,
1.72796,602,0,,A,PU,MEAN,,,,False,ITU_GCI,ITU_GCI_GCI_OVRL_SCRE,DJI,_T,_T,_T,_Z,_Z,_Z,2020,A,0_TO_100,
4.20013,602,0,,A,PU,MEAN,,,,False,ITU_GCI,ITU_GCI_GCI_OVRL_SCRE,DMA,_T,_T,_T,_Z,_Z,_Z,2020,A,0_TO_100,
75.0688,602,0,,A,PU,MEAN,,,,False,ITU_GCI,ITU_GCI_GCI_OVRL_SCRE,DOM,_T,_T,_T,_Z,_Z,_Z,2020,A,0_TO_100,
26.2981,602,0,,A,PU,MEAN,,,,False,ITU_GCI,ITU_GCI_GCI_OVRL_SCRE,ECU,_T,_T,_T,_Z,_Z,_Z,2020,A,0_TO_100,
95.4843,602,0,,A,PU,MEAN,,,,False,ITU_GCI,ITU_GCI_GCI_OVRL_SCRE,EGY,_T,_T,_T,_Z,_Z,_Z,2020,A,0_TO_100,
13.2987,602,0,,A,PU,MEAN,,,,False,ITU_GCI,ITU_GCI_GCI_OVRL_SCRE,SLV,_T,_T,_T,_Z,_Z,_Z,2020,A,0_TO_100,
1.46004,602,0,,A,PU,MEAN,,,,False,ITU_GCI,ITU_GCI_GCI_OVRL_SCRE,GNQ,_T,_T,_T,_Z,_Z,_Z,2020,A,0_TO_100,
1.72796,602,0,,A,PU,MEAN,,,,False,ITU_GCI,ITU_GCI_GCI_OVRL_SCRE,ERI,_T,_T,_T,_Z,_Z,_Z,2020,A,0_TO_100,
99.4826,602,0,,A,PU,MEAN,,,,False,ITU_GCI,ITU_GCI_GCI_OVRL_SCRE,EST,_T,_T,_T,_Z,_Z,_Z,2020,A,0_TO_100,
18.2302,602,0,,A,PU,MEAN,,,,False,ITU_GCI,ITU_GCI_GCI_OVRL_SCRE,SWZ,_T,_T,_T,_Z,_Z,_Z,2020,A,0_TO_100,
27.7425,602,0,,A,PU,MEAN,,,,False,ITU_GCI,ITU_GCI_GCI_OVRL_SCRE,ETH,_T,_T,_T,_Z,_Z,_Z,2020,A,0_TO_100,
29.0753,602,0,,A,PU,MEAN,,,,False,ITU_GCI,ITU_GCI_GCI_OVRL_SCRE,FJI,_T,_T,_T,_Z,_Z,_Z,2020,A,0_TO_100,
95.778,602,0,,A,PU,MEAN,,,,False,ITU_GCI,ITU_GCI_GCI_OVRL_SCRE,FIN,_T,_T,_T,_Z,_Z,_Z,2020,A,0_TO_100,
97.602,602,0,,A,PU,MEAN,,,,False,ITU_GCI,ITU_GCI_GCI_OVRL_SCRE,FRA,_T,_T,_T,_Z,_Z,_Z,2020,A,0_TO_100,
11.3757,602,0,,A,PU,MEAN,,,,False,ITU_GCI,ITU_GCI_GCI_OVRL_SCRE,GAB,_T,_T,_T,_Z,_Z,_Z,2020,A,0_TO_100,
32.1221,602,0,,A,PU,MEAN,,,,False,ITU_GCI,ITU_GCI_GCI_OVRL_SCRE,GMB,_T,_T,_T,_Z,_Z,_Z,2020,A,0_TO_100,
81.0651,602,0,,A,PU,MEAN,,,,False,ITU_GCI,ITU_GCI_GCI_OVRL_SCRE,GEO,_T,_T,_T,_Z,_Z,_Z,2020,A,0_TO_100,
97.4101,602,0,,A,PU,MEAN,,,,False,ITU_GCI,ITU_GCI_GCI_OVRL_SCRE,DEU,_T,_T,_T,_Z,_Z,_Z,2020,A,0_TO_100,
86.6873,602,0,,A,PU,MEAN,,,,False,ITU_GCI,ITU_GCI_GCI_OVRL_SCRE,GHA,_T,_T,_T,_Z,_Z,_Z,2020,A,0_TO_100,
93.9827,602,0,,A,PU,MEAN,,,,False,ITU_GCI,ITU_GCI_GCI_OVRL_SCRE,GRC,_T,_T,_T,_Z,_Z,_Z,2020,A,0_TO_100,
9.41287,602,0,,A,PU,MEAN,,,,False,ITU_GCI,ITU_GCI_GCI_OVRL_SCRE,GRD,_T,_T,_T,_Z,_Z,_Z,2020,A,0_TO_100,
13.1284,602,0,,A,PU,MEAN,,,,False,ITU_GCI,ITU_GCI_GCI_OVRL_SCRE,GTM,_T,_T,_T,_Z,_Z,_Z,2020,A,0_TO_100,
20.5255,602,0,,A,PU,MEAN,,,,False,ITU_GCI,ITU_GCI_GCI_OVRL_SCRE,GIN,_T,_T,_T,_Z,_Z,_Z,2020,A,0_TO_100,
9.84867,602,0,,A,PU,MEAN,,,,False,ITU_GCI,ITU_GCI_GCI_OVRL_SCRE,GNB,_T,_T,_T,_Z,_Z,_Z,2020,A,0_TO_100,
28.1091,602,0,,A,PU,MEAN,,,,False,ITU_GCI,ITU_GCI_GCI_OVRL_SCRE,GUY,_T,_T,_T,_Z,_Z,_Z,2020,A,0_TO_100,
6.4021,602,0,,A,PU,MEAN,,,,False,ITU_GCI,ITU_GCI_GCI_OVRL_SCRE,HTI,_T,_T,_T,_Z,_Z,_Z,2020,A,0_TO_100,
2.20457,602,0,,A,PU,MEAN,,,,False,ITU_GCI,ITU_GCI_GCI_OVRL_SCRE,HND,_T,_T,_T,_Z,_Z,_Z,2020,A,0_TO_100,
91.2753,602,0,,A,PU,MEAN,,,,False,ITU_GCI,ITU_GCI_GCI_OVRL_SCRE,HUN,_T,_T,_T,_Z,_Z,_Z,2020,A,0_TO_100,
79.8068,602,0,,A,PU,MEAN,,,,False,ITU_GCI,ITU_GCI_GCI_OVRL_SCRE,ISL,_T,_T,_T,_Z,_Z,_Z,2020,A,0_TO_100,
97.4945,602,0,,A,PU,MEAN,,,,False,ITU_GCI,ITU_GCI_GCI_OVRL_SCRE,IND,_T,_T,_T,_Z,_Z,_Z,2020,A,0_TO_100,
94.8816,602,0,,A,PU,MEAN,,,,False,ITU_GCI,ITU_GCI_GCI_OVRL_SCRE,IDN,_T,_T,_T,_Z,_Z,_Z,2020,A,0_TO_100,
81.0581,602,0,,A,PU,MEAN,,,,False,ITU_GCI,ITU_GCI_GCI_OVRL_SCRE,IRN,_T,_T,_T,_Z,_Z,_Z,2020,A,0_TO_100,
20.7147,602,0,,A,PU,MEAN,,,,False,ITU_GCI,ITU_GCI_GCI_OVRL_SCRE,IRQ,_T,_T,_T,_Z,_Z,_Z,2020,A,0_TO_100,
85.8588,602,0,,A,PU,MEAN,,,,False,ITU_GCI,ITU_GCI_GCI_OVRL_SCRE,IRL,_T,_T,_T,_Z,_Z,_Z,2020,A,0_TO_100,
90.9323,602,0,,A,PU,MEAN,,,,False,ITU_GCI,ITU_GCI_GCI_OVRL_SCRE,ISR,_T,_T,_T,_Z,_Z,_Z,2020,A,0_TO_100,
96.1269,602,0,,A,PU,MEAN,,,,False,ITU_GCI,ITU_GCI_GCI_OVRL_SCRE,ITA,_T,_T,_T,_Z,_Z,_Z,2020,A,0_TO_100,
32.5272,602,0,,A,PU,MEAN,,,,False,ITU_GCI,ITU_GCI_GCI_OVRL_SCRE,JAM,_T,_T,_T,_Z,_Z,_Z,2020,A,0_TO_100,
97.8186,602,0,,A,PU,MEAN,,,,False,ITU_GCI,ITU_GCI_GCI_OVRL_SCRE,JPN,_T,_T,_T,_Z,_Z,_Z,2020,A,0_TO_100,
70.9552,602,0,,A,PU,MEAN,,,,False,ITU_GCI,ITU_GCI_GCI_OVRL_SCRE,JOR,_T,_T,_T,_Z,_Z,_Z,2020,A,0_TO_100,
93.153,602,0,,A,PU,MEAN,,,,False,ITU_GCI,ITU_GCI_GCI_OVRL_SCRE,KAZ,_T,_T,_T,_Z,_Z,_Z,2020,A,0_TO_100,
81.6956,602,0,,A,PU,MEAN,,,,False,ITU_GCI,ITU_GCI_GCI_OVRL_SCRE,KEN,_T,_T,_T,_Z,_Z,_Z,2020,A,0_TO_100,
13.8425,602,0,,A,PU,MEAN,,,,False,ITU_GCI,ITU_GCI_GCI_OVRL_SCRE,KIR,_T,_T,_T,_Z,_Z,_Z,2020,A,0_TO_100,
75.0513,602,0,,A,PU,MEAN,,,,False,ITU_GCI,ITU_GCI_GCI_OVRL_SCRE,KWT,_T,_T,_T,_Z,_Z,_Z,2020,A,0_TO_100,
49.6372,602,0,,A,PU,MEAN,,,,False,ITU_GCI,ITU_GCI_GCI_OVRL_SCRE,KGZ,_T,_T,_T,_Z,_Z,_Z,2020,A,0_TO_100,
20.3444,602,0,,A,PU,MEAN,,,,False,ITU_GCI,ITU_GCI_GCI_OVRL_SCRE,LAO,_T,_T,_T,_Z,_Z,_Z,2020,A,0_TO_100,
97.2805,602,0,,A,PU,MEAN,,,,False,ITU_GCI,ITU_GCI_GCI_OVRL_SCRE,LVA,_T,_T,_T,_Z,_Z,_Z,2020,A,0_TO_100,
30.4386,602,0,,A,PU,MEAN,,,,False,ITU_GCI,ITU_GCI_GCI_OVRL_SCRE,LBN,_T,_T,_T,_Z,_Z,_Z,2020,A,0_TO_100,
9.07912,602,0,,A,PU,MEAN,,,,False,ITU_GCI,ITU_GCI_GCI_OVRL_SCRE,LSO,_T,_T,_T,_Z,_Z,_Z,2020,A,0_TO_100,
9.72417,602,0,,A,PU,MEAN,,,,False,ITU_GCI,ITU_GCI_GCI_OVRL_SCRE,LBR,_T,_T,_T,_Z,_Z,_Z,2020,A,0_TO_100,
28.7805,602,0,,A,PU,MEAN,,,,False,ITU_GCI,ITU_GCI_GCI_OVRL_SCRE,LBY,_T,_T,_T,_Z,_Z,_Z,2020,A,0_TO_100,
35.154,602,0,,A,PU,MEAN,,,,False,ITU_GCI,ITU_GCI_GCI_OVRL_SCRE,LIE,_T,_T,_T,_Z,_Z,_Z,2020,A,0_TO_100,
97.9275,602,0,,A,PU,MEAN,,,,False,ITU_GCI,ITU_GCI_GCI_OVRL_SCRE,LTU,_T,_T,_T,_Z,_Z,_Z,2020,A,0_TO_100,
97.4101,602,0,,A,PU,MEAN,,,,False,ITU_GCI,ITU_GCI_GCI_OVRL_SCRE,LUX,_T,_T,_T,_Z,_Z,_Z,2020,A,0_TO_100,
23.326,602,0,,A,PU,MEAN,,,,False,ITU_GCI,ITU_GCI_GCI_OVRL_SCRE,MDG,_T,_T,_T,_Z,_Z,_Z,2020,A,0_TO_100,
36.8296,602,0,,A,PU,MEAN,,,,False,ITU_GCI,ITU_GCI_GCI_OVRL_SCRE,MWI,_T,_T,_T,_Z,_Z,_Z,2020,A,0_TO_100,
98.0613,602,0,,A,PU,MEAN,,,,False,ITU_GCI,ITU_GCI_GCI_OVRL_SCRE,MYS,_T,_T,_T,_Z,_Z,_Z,2020,A,0_TO_100,
2.94823,602,0,,A,PU,MEAN,,,,False,ITU_GCI,ITU_GCI_GCI_OVRL_SCRE,MDV,_T,_T,_T,_Z,_Z,_Z,2020,A,0_TO_100,
10.1447,602,0,,A,PU,MEAN,,,,False,ITU_GCI,ITU_GCI_GCI_OVRL_SCRE,MLI,_T,_T,_T,_Z,_Z,_Z,2020,A,0_TO_100,
83.6477,602,0,,A,PU,MEAN,,,,False,ITU_GCI,ITU_GCI_GCI_OVRL_SCRE,MLT,_T,_T,_T,_Z,_Z,_Z,2020,A,0_TO_100,
4.90164,602,0,,A,PU,MEAN,,,,False,ITU_GCI,ITU_GCI_GCI_OVRL_SCRE,MHL,_T,_T,_T,_Z,_Z,_Z,2020,A,0_TO_100,
18.9403,602,0,,A,PU,MEAN,,,,False,ITU_GCI,ITU_GCI_GCI_OVRL_SCRE,MRT,_T,_T,_T,_Z,_Z,_Z,2020,A,0_TO_100,
96.8926,602,0,,A,PU,MEAN,,,,False,ITU_GCI,ITU_GCI_GCI_OVRL_SCRE,MUS,_T,_T,_T,_Z,_Z,_Z,2020,A,0_TO_100,
81.6821,602,0,,A,PU,MEAN,,,,False,ITU_GCI,ITU_GCI_GCI_OVRL_SCRE,MEX,_T,_T,_T,_Z,_Z,_Z,2020,A,0_TO_100,
0,602,0,,A,PU,MEAN,,,,False,ITU_GCI,ITU_GCI_GCI_OVRL_SCRE,FSM,_T,_T,_T,_Z,_Z,_Z,2020,A,0_TO_100,
75.7791,602,0,,A,PU,MEAN,,,,False,ITU_GCI,ITU_GCI_GCI_OVRL_SCRE,MDA,_T,_T,_T,_Z,_Z,_Z,2020,A,0_TO_100,
72.5699,602,0,,A,PU,MEAN,,,,False,ITU_GCI,ITU_GCI_GCI_OVRL_SCRE,MCO,_T,_T,_T,_Z,_Z,_Z,2020,A,0_TO_100,
26.2035,602,0,,A,PU,MEAN,,,,False,ITU_GCI,ITU_GCI_GCI_OVRL_SCRE,MNG,_T,_T,_T,_Z,_Z,_Z,2020,A,0_TO_100,
53.2347,602,0,,A,PU,MEAN,,,,False,ITU_GCI,ITU_GCI_GCI_OVRL_SCRE,MNE,_T,_T,_T,_Z,_Z,_Z,2020,A,0_TO_100,
82.4079,602,0,,A,PU,MEAN,,,,False,ITU_GCI,ITU_GCI_GCI_OVRL_SCRE,MAR,_T,_T,_T,_Z,_Z,_Z,2020,A,0_TO_100,
24.1814,602,0,,A,PU,MEAN,,,,False,ITU_GCI,ITU_GCI_GCI_OVRL_SCRE,MOZ,_T,_T,_T,_Z,_Z,_Z,2020,A,0_TO_100,
36.4128,602,0,,A,PU,MEAN,,,,False,ITU_GCI,ITU_GCI_GCI_OVRL_SCRE,MMR,_T,_T,_T,_Z,_Z,_Z,2020,A,0_TO_100,
11.4748,602,0,,A,PU,MEAN,,,,False,ITU_GCI,ITU_GCI_GCI_OVRL_SCRE,NAM,_T,_T,_T,_Z,_Z,_Z,2020,A,0_TO_100,
21.424,602,0,,A,PU,MEAN,,,,False,ITU_GCI,ITU_GCI_GCI_OVRL_SCRE,NRU,_T,_T,_T,_Z,_Z,_Z,2020,A,0_TO_100,
44.9917,602,0,,A,PU,MEAN,,,,False,ITU_GCI,ITU_GCI_GCI_OVRL_SCRE,NPL,_T,_T,_T,_Z,_Z,_Z,2020,A,0_TO_100,
97.0459,602,0,,A,PU,MEAN,,,,False,ITU_GCI,ITU_GCI_GCI_OVRL_SCRE,NLD,_T,_T,_T,_Z,_Z,_Z,2020,A,0_TO_100,
84.0388,602,0,,A,PU,MEAN,,,,False,ITU_GCI,ITU_GCI_GCI_OVRL_SCRE,NZL,_T,_T,_T,_Z,_Z,_Z,2020,A,0_TO_100,
9.00072,602,0,,A,PU,MEAN,,,,False,ITU_GCI,ITU_GCI_GCI_OVRL_SCRE,NIC,_T,_T,_T,_Z,_Z,_Z,2020,A,0_TO_100,
11.361,602,0,,A,PU,MEAN,,,,False,ITU_GCI,ITU_GCI_GCI_OVRL_SCRE,NER,_T,_T,_T,_Z,_Z,_Z,2020,A,0_TO_100,
84.7575,602,0,,A,PU,MEAN,,,,False,ITU_GCI,ITU_GCI_GCI_OVRL_SCRE,NGA,_T,_T,_T,_Z,_Z,_Z,2020,A,0_TO_100,
96.8873,602,0,,A,PU,MEAN,,,,False,ITU_GCI,ITU_GCI_GCI_OVRL_SCRE,NOR,_T,_T,_T,_Z,_Z,_Z,2020,A,0_TO_100,
96.0415,602,0,,A,PU,MEAN,,,,False,ITU_GCI,ITU_GCI_GCI_OVRL_SCRE,OMN,_T,_T,_T,_Z,_Z,_Z,2020,A,0_TO_100,
64.8751,602,0,,A,PU,MEAN,,,,False,ITU_GCI,ITU_GCI_GCI_OVRL_SCRE,PAK,_T,_T,_T,_Z,_Z,_Z,2020,A,0_TO_100,
34.1095,602,0,,A,PU,MEAN,,,,False,ITU_GCI,ITU_GCI_GCI_OVRL_SCRE,PAN,_T,_T,_T,_Z,_Z,_Z,2020,A,0_TO_100,
26.3293,602,0,,A,PU,MEAN,,,,False,ITU_GCI,ITU_GCI_GCI_OVRL_SCRE,PNG,_T,_T,_T,_Z,_Z,_Z,2020,A,0_TO_100,
57.0853,602,0,,A,PU,MEAN,,,,False,ITU_GCI,ITU_GCI_GCI_OVRL_SCRE,PRY,_T,_T,_T,_Z,_Z,_Z,2020,A,0_TO_100,
55.675,602,0,,A,PU,MEAN,,,,False,ITU_GCI,ITU_GCI_GCI_OVRL_SCRE,PER,_T,_T,_T,_Z,_Z,_Z,2020,A,0_TO_100,
76.9959,602,0,,A,PU,MEAN,,,,False,ITU_GCI,ITU_GCI_GCI_OVRL_SCRE,PHL,_T,_T,_T,_Z,_Z,_Z,2020,A,0_TO_100,
93.8561,602,0,,A,PU,MEAN,,,,False,ITU_GCI,ITU_GCI_GCI_OVRL_SCRE,POL,_T,_T,_T,_Z,_Z,_Z,2020,A,0_TO_100,
97.3247,602,0,,A,PU,MEAN,,,,False,ITU_GCI,ITU_GCI_GCI_OVRL_SCRE,PRT,_T,_T,_T,_Z,_Z,_Z,2020,A,0_TO_100,
94.5029,602,0,,A,PU,MEAN,,,,False,ITU_GCI,ITU_GCI_GCI_OVRL_SCRE,QAT,_T,_T,_T,_Z,_Z,_Z,2020,A,0_TO_100,
98.5214,602,0,,A,PU,MEAN,,,,False,ITU_GCI,ITU_GCI_GCI_OVRL_SCRE,KOR,_T,_T,_T,_Z,_Z,_Z,2020,A,0_TO_100,
76.2946,602,0,,A,PU,MEAN,,,,False,ITU_GCI,ITU_GCI_GCI_OVRL_SCRE,ROU,_T,_T,_T,_Z,_Z,_Z,2020,A,0_TO_100,
98.0613,602,0,,A,PU,MEAN,,,,False,ITU_GCI,ITU_GCI_GCI_OVRL_SCRE,RUS,_T,_T,_T,_Z,_Z,_Z,2020,A,0_TO_100,
79.9517,602,0,,A,PU,MEAN,,,,False,ITU_GCI,ITU_GCI_GCI_OVRL_SCRE,RWA,_T,_T,_T,_Z,_Z,_Z,2020,A,0_TO_100,
12.4415,602,0,,A,PU,MEAN,,,,False,ITU_GCI,ITU_GCI_GCI_OVRL_SCRE,KNA,_T,_T,_T,_Z,_Z,_Z,2020,A,0_TO_100,
10.9555,602,0,,A,PU,MEAN,,,,False,ITU_GCI,ITU_GCI_GCI_OVRL_SCRE,LCA,_T,_T,_T,_Z,_Z,_Z,2020,A,0_TO_100,
12.1799,602,0,,A,PU,MEAN,,,,False,ITU_GCI,ITU_GCI_GCI_OVRL_SCRE,VCT,_T,_T,_T,_Z,_Z,_Z,2020,A,0_TO_100,
29.3269,602,0,,A,PU,MEAN,,,,False,ITU_GCI,ITU_GCI_GCI_OVRL_SCRE,WSM,_T,_T,_T,_Z,_Z,_Z,2020,A,0_TO_100,
13.8316,602,0,,A,PU,MEAN,,,,False,ITU_GCI,ITU_GCI_GCI_OVRL_SCRE,SMR,_T,_T,_T,_Z,_Z,_Z,2020,A,0_TO_100,
15.6385,602,0,,A,PU,MEAN,,,,False,ITU_GCI,ITU_GCI_GCI_OVRL_SCRE,STP,_T,_T,_T,_Z,_Z,_Z,2020,A,0_TO_100,
99.5399,602,0,,A,PU,MEAN,,,,False,ITU_GCI,ITU_GCI_GCI_OVRL_SCRE,SAU,_T,_T,_T,_Z,_Z,_Z,2020,A,0_TO_100,
35.8533,602,0,,A,PU,MEAN,,,,False,ITU_GCI,ITU_GCI_GCI_OVRL_SCRE,SEN,_T,_T,_T,_Z,_Z,_Z,2020,A,0_TO_100,
89.8031,602,0,,A,PU,MEAN,,,,False,ITU_GCI,ITU_GCI_GCI_OVRL_SCRE,SRB,_T,_T,_T,_Z,_Z,_Z,2020,A,0_TO_100,
13.2335,602,0,,A,PU,MEAN,,,,False,ITU_GCI,ITU_GCI_GCI_OVRL_SCRE,SYC,_T,_T,_T,_Z,_Z,_Z,2020,A,0_TO_100,
25.3147,602,0,,A,PU,MEAN,,,,False,ITU_GCI,ITU_GCI_GCI_OVRL_SCRE,SLE,_T,_T,_T,_Z,_Z,_Z,2020,A,0_TO_100,
98.5214,602,0,,A,PU,MEAN,,,,False,ITU_GCI,ITU_GCI_GCI_OVRL_SCRE,SGP,_T,_T,_T,_Z,_Z,_Z,2020,A,0_TO_100,
92.3563,602,0,,A,PU,MEAN,,,,False,ITU_GCI,ITU_GCI_GCI_OVRL_SCRE,SVK,_T,_T,_T,_Z,_Z,_Z,2020,A,0_TO_100,
74.9259,602,0,,A,PU,MEAN,,,,False,ITU_GCI,ITU_GCI_GCI_OVRL_SCRE,SVN,_T,_T,_T,_Z,_Z,_Z,2020,A,0_TO_100,
7.07678,602,0,,A,PU,MEAN,,,,False,ITU_GCI,ITU_GCI_GCI_OVRL_SCRE,SLB,_T,_T,_T,_Z,_Z,_Z,2020,A,0_TO_100,
17.2534,602,0,,A,PU,MEAN,,,,False,ITU_GCI,ITU_GCI_GCI_OVRL_SCRE,SOM,_T,_T,_T,_Z,_Z,_Z,2020,A,0_TO_100,
78.4629,602,0,,A,PU,MEAN,,,,False,ITU_GCI,ITU_GCI_GCI_OVRL_SCRE,ZAF,_T,_T,_T,_Z,_Z,_Z,2020,A,0_TO_100,
5.75373,602,0,,A,PU,MEAN,,,,False,ITU_GCI,ITU_GCI_GCI_OVRL_SCRE,SSD,_T,_T,_T,_Z,_Z,_Z,2020,A,0_TO_100,
98.5214,602,0,,A,PU,MEAN,,,,False,ITU_GCI,ITU_GCI_GCI_OVRL_SCRE,ESP,_T,_T,_T,_Z,_Z,_Z,2020,A,0_TO_100,
58.6465,602,0,,A,PU,MEAN,,,,False,ITU_GCI,ITU_GCI_GCI_OVRL_SCRE,LKA,_T,_T,_T,_Z,_Z,_Z,2020,A,0_TO_100,
25.1823,602,0,,A,PU,MEAN,,,,False,ITU_GCI,ITU_GCI_GCI_OVRL_SCRE,PSE,_T,_T,_T,_Z,_Z,_Z,2020,A,0_TO_100,
35.031,602,0,,A,PU,MEAN,,,,False,ITU_GCI,ITU_GCI_GCI_OVRL_SCRE,SDN,_T,_T,_T,_Z,_Z,_Z,2020,A,0_TO_100,
31.2012,602,0,,A,PU,MEAN,,,,False,ITU_GCI,ITU_GCI_GCI_OVRL_SCRE,SUR,_T,_T,_T,_Z,_Z,_Z,2020,A,0_TO_100,
94.5878,602,0,,A,PU,MEAN,,,,False,ITU_GCI,ITU_GCI_GCI_OVRL_SCRE,SWE,_T,_T,_T,_Z,_Z,_Z,2020,A,0_TO_100,
86.9661,602,0,,A,PU,MEAN,,,,False,ITU_GCI,ITU_GCI_GCI_OVRL_SCRE,CHE,_T,_T,_T,_Z,_Z,_Z,2020,A,0_TO_100,
22.1421,602,0,,A,PU,MEAN,,,,False,ITU_GCI,ITU_GCI_GCI_OVRL_SCRE,SYR,_T,_T,_T,_Z,_Z,_Z,2020,A,0_TO_100,
17.0993,602,0,,A,PU,MEAN,,,,False,ITU_GCI,ITU_GCI_GCI_OVRL_SCRE,TJK,_T,_T,_T,_Z,_Z,_Z,2020,A,0_TO_100,
90.5801,602,0,,A,PU,MEAN,,,,False,ITU_GCI,ITU_GCI_GCI_OVRL_SCRE,TZA,_T,_T,_T,_Z,_Z,_Z,2020,A,0_TO_100,
86.4988,602,0,,A,PU,MEAN,,,,False,ITU_GCI,ITU_GCI_GCI_OVRL_SCRE,THA,_T,_T,_T,_Z,_Z,_Z,2020,A,0_TO_100,
89.9206,602,0,,A,PU,MEAN,,,,False,ITU_GCI,ITU_GCI_GCI_OVRL_SCRE,MKD,_T,_T,_T,_Z,_Z,_Z,2020,A,0_TO_100,
4.25926,602,0,,A,PU,MEAN,,,,False,ITU_GCI,ITU_GCI_GCI_OVRL_SCRE,TLS,_T,_T,_T,_Z,_Z,_Z,2020,A,0_TO_100,
33.1902,602,0,,A,PU,MEAN,,,,False,ITU_GCI,ITU_GCI_GCI_OVRL_SCRE,TGO,_T,_T,_T,_Z,_Z,_Z,2020,A,0_TO_100,
20.9522,602,0,,A,PU,MEAN,,,,False,ITU_GCI,ITU_GCI_GCI_OVRL_SCRE,TON,_T,_T,_T,_Z,_Z,_Z,2020,A,0_TO_100,
22.1803,602,0,,A,PU,MEAN,,,,False,ITU_GCI,ITU_GCI_GCI_OVRL_SCRE,TTO,_T,_T,_T,_Z,_Z,_Z,2020,A,0_TO_100,
86.2272,602,0,,A,PU,MEAN,,,,False,ITU_GCI,ITU_GCI_GCI_OVRL_SCRE,TUN,_T,_T,_T,_Z,_Z,_Z,2020,A,0_TO_100,
97.5028,602,0,,A,PU,MEAN,,,,False,ITU_GCI,ITU_GCI_GCI_OVRL_SCRE,TUR,_T,_T,_T,_Z,_Z,_Z,2020,A,0_TO_100,
14.4792,602,0,,A,PU,MEAN,,,,False,ITU_GCI,ITU_GCI_GCI_OVRL_SCRE,TKM,_T,_T,_T,_Z,_Z,_Z,2020,A,0_TO_100,
5.78289,602,0,,A,PU,MEAN,,,,False,ITU_GCI,ITU_GCI_GCI_OVRL_SCRE,TUV,_T,_T,_T,_Z,_Z,_Z,2020,A,0_TO_100,
69.981,602,0,,A,PU,MEAN,,,,False,ITU_GCI,ITU_GCI_GCI_OVRL_SCRE,UGA,_T,_T,_T,_Z,_Z,_Z,2020,A,0_TO_100,
65.9292,602,0,,A,PU,MEAN,,,,False,ITU_GCI,ITU_GCI_GCI_OVRL_SCRE,UKR,_T,_T,_T,_Z,_Z,_Z,2020,A,0_TO_100,
98.0613,602,0,,A,PU,MEAN,,,,False,ITU_GCI,ITU_GCI_GCI_OVRL_SCRE,ARE,_T,_T,_T,_Z,_Z,_Z,2020,A,0_TO_100,
99.5399,602,0,,A,PU,MEAN,,,,False,ITU_GCI,ITU_GCI_GCI_OVRL_SCRE,GBR,_T,_T,_T,_Z,_Z,_Z,2020,A,0_TO_100,
100,602,0,,A,PU,MEAN,,,,False,ITU_GCI,ITU_GCI_GCI_OVRL_SCRE,USA,_T,_T,_T,_Z,_Z,_Z,2020,A,0_TO_100,
75.154,602,0,,A,PU,MEAN,,,,False,ITU_GCI,ITU_GCI_GCI_OVRL_SCRE,URY,_T,_T,_T,_Z,_Z,_Z,2020,A,0_TO_100,
71.1131,602,0,,A,PU,MEAN,,,,False,ITU_GCI,ITU_GCI_GCI_OVRL_SCRE,UZB,_T,_T,_T,_Z,_Z,_Z,2020,A,0_TO_100,
12.8844,602,0,,A,PU,MEAN,,,,False,ITU_GCI,ITU_GCI_GCI_OVRL_SCRE,VUT,_T,_T,_T,_Z,_Z,_Z,2020,A,0_TO_100,
0,602,0,,A,PU,MEAN,,,,False,ITU_GCI,ITU_GCI_GCI_OVRL_SCRE,VAT,_T,_T,_T,_Z,_Z,_Z,2020,A,0_TO_100,
27.058,602,0,,A,PU,MEAN,,,,False,ITU_GCI,ITU_GCI_GCI_OVRL_SCRE,VEN,_T,_T,_T,_Z,_Z,_Z,2020,A,0_TO_100,
94.5516,602,0,,A,PU,MEAN,,,,False,ITU_GCI,ITU_GCI_GCI_OVRL_SCRE,VNM,_T,_T,_T,_Z,_Z,_Z,2020,A,0_TO_100,
0,602,0,,A,PU,MEAN,,,,False,ITU_GCI,ITU_GCI_GCI_OVRL_SCRE,YEM,_T,_T,_T,_Z,_Z,_Z,2020,A,0_TO_100,
68.8766,602,0,,A,PU,MEAN,,,,False,ITU_GCI,ITU_GCI_GCI_OVRL_SCRE,ZMB,_T,_T,_T,_Z,_Z,_Z,2020,A,0_TO_100,
36.4929,602,0,,A,PU,MEAN,,,,False,ITU_GCI,ITU_GCI_GCI_OVRL_SCRE,ZWE,_T,_T,_T,_Z,_Z,_Z,2020,A,0_TO_100,
18.4186,602,0,,A,PU,MEAN,,,,True,ITU_GCI,ITU_GCI_GCI_OVRL_SCRE,AFG,_T,_T,_T,_Z,_Z,_Z,2024,A,0_TO_100,
86.5063,602,0,,A,PU,MEAN,,,,True,ITU_GCI,ITU_GCI_GCI_OVRL_SCRE,ALB,_T,_T,_T,_Z,_Z,_Z,2024,A,0_TO_100,
66.0238,602,0,,A,PU,MEAN,,,,True,ITU_GCI,ITU_GCI_GCI_OVRL_SCRE,DZA,_T,_T,_T,_Z,_Z,_Z,2024,A,0_TO_100,
76.4951,602,0,,A,PU,MEAN,,,,True,ITU_GCI,ITU_GCI_GCI_OVRL_SCRE,AND,_T,_T,_T,_Z,_Z,_Z,2024,A,0_TO_100,
39.6359,602,0,,A,PU,MEAN,,,,True,ITU_GCI,ITU_GCI_GCI_OVRL_SCRE,AGO,_T,_T,_T,_Z,_Z,_Z,2024,A,0_TO_100,
18.2007,602,0,,A,PU,MEAN,,,,True,ITU_GCI,ITU_GCI_GCI_OVRL_SCRE,ATG,_T,_T,_T,_Z,_Z,_Z,2024,A,0_TO_100,
51.5251,602,0,,A,PU,MEAN,,,,True,ITU_GCI,ITU_GCI_GCI_OVRL_SCRE,ARG,_T,_T,_T,_Z,_Z,_Z,2024,A,0_TO_100,
53.9589,602,0,,A,PU,MEAN,,,,True,ITU_GCI,ITU_GCI_GCI_OVRL_SCRE,ARM,_T,_T,_T,_Z,_Z,_Z,2024,A,0_TO_100,
96.2429,602,0,,A,PU,MEAN,,,,True,ITU_GCI,ITU_GCI_GCI_OVRL_SCRE,AUS,_T,_T,_T,_Z,_Z,_Z,2024,A,0_TO_100,
89.1427,602,0,,A,PU,MEAN,,,,True,ITU_GCI,ITU_GCI_GCI_OVRL_SCRE,AUT,_T,_T,_T,_Z,_Z,_Z,2024,A,0_TO_100,
93.9243,602,0,,A,PU,MEAN,,,,True,ITU_GCI,ITU_GCI_GCI_OVRL_SCRE,AZE,_T,_T,_T,_Z,_Z,_Z,2024,A,0_TO_100,
34,602,0,,A,PU,MEAN,,,,True,ITU_GCI,ITU_GCI_GCI_OVRL_SCRE,BHS,_T,_T,_T,_Z,_Z,_Z,2024,A,0_TO_100,
97.9381,602,0,,A,PU,MEAN,,,,True,ITU_GCI,ITU_GCI_GCI_OVRL_SCRE,BHR,_T,_T,_T,_Z,_Z,_Z,2024,A,0_TO_100,
96.9634,602,0,,A,PU,MEAN,,,,True,ITU_GCI,ITU_GCI_GCI_OVRL_SCRE,BGD,_T,_T,_T,_Z,_Z,_Z,2024,A,0_TO_100,
36.6055,602,0,,A,PU,MEAN,,,,True,ITU_GCI,ITU_GCI_GCI_OVRL_SCRE,BRB,_T,_T,_T,_Z,_Z,_Z,2024,A,0_TO_100,
61.5273,602,0,,A,PU,MEAN,,,,True,ITU_GCI,ITU_GCI_GCI_OVRL_SCRE,BLR,_T,_T,_T,_Z,_Z,_Z,2024,A,0_TO_100,
96.8197,602,0,,A,PU,MEAN,,,,True,ITU_GCI,ITU_GCI_GCI_OVRL_SCRE,BEL,_T,_T,_T,_Z,_Z,_Z,2024,A,0_TO_100,
32.3504,602,0,,A,PU,MEAN,,,,True,ITU_GCI,ITU_GCI_GCI_OVRL_SCRE,BLZ,_T,_T,_T,_Z,_Z,_Z,2024,A,0_TO_100,
91.5414,602,0,,A,PU,MEAN,,,,True,ITU_GCI,ITU_GCI_GCI_OVRL_SCRE,BEN,_T,_T,_T,_Z,_Z,_Z,2024,A,0_TO_100,
60.7663,602,0,,A,PU,MEAN,,,,True,ITU_GCI,ITU_GCI_GCI_OVRL_SCRE,BTN,_T,_T,_T,_Z,_Z,_Z,2024,A,0_TO_100,
43.1517,602,0,,A,PU,MEAN,,,,True,ITU_GCI,ITU_GCI_GCI_OVRL_SCRE,BOL,_T,_T,_T,_Z,_Z,_Z,2024,A,0_TO_100,
33.6086,602,0,,A,PU,MEAN,,,,True,ITU_GCI,ITU_GCI_GCI_OVRL_SCRE,BIH,_T,_T,_T,_Z,_Z,_Z,2024,A,0_TO_100,
78.7554,602,0,,A,PU,MEAN,,,,True,ITU_GCI,ITU_GCI_GCI_OVRL_SCRE,BWA,_T,_T,_T,_Z,_Z,_Z,2024,A,0_TO_100,
96.5447,602,0,,A,PU,MEAN,,,,True,ITU_GCI,ITU_GCI_GCI_OVRL_SCRE,BRA,_T,_T,_T,_Z,_Z,_Z,2024,A,0_TO_100,
70.3978,602,0,,A,PU,MEAN,,,,True,ITU_GCI,ITU_GCI_GCI_OVRL_SCRE,BRN,_T,_T,_T,_Z,_Z,_Z,2024,A,0_TO_100,
74.5567,602,0,,A,PU,MEAN,,,,True,ITU_GCI,ITU_GCI_GCI_OVRL_SCRE,BGR,_T,_T,_T,_Z,_Z,_Z,2024,A,0_TO_100,
70.3915,602,0,,A,PU,MEAN,,,,True,ITU_GCI,ITU_GCI_GCI_OVRL_SCRE,BFA,_T,_T,_T,_Z,_Z,_Z,2024,A,0_TO_100,
16.7693,602,0,,A,PU,MEAN,,,,True,ITU_GCI,ITU_GCI_GCI_OVRL_SCRE,BDI,_T,_T,_T,_Z,_Z,_Z,2024,A,0_TO_100,
51.5427,602,0,,A,PU,MEAN,,,,True,ITU_GCI,ITU_GCI_GCI_OVRL_SCRE,CPV,_T,_T,_T,_Z,_Z,_Z,2024,A,0_TO_100,
37.0873,602,0,,A,PU,MEAN,,,,True,ITU_GCI,ITU_GCI_GCI_OVRL_SCRE,KHM,_T,_T,_T,_Z,_Z,_Z,2024,A,0_TO_100,
65.5336,602,0,,A,PU,MEAN,,,,True,ITU_GCI,ITU_GCI_GCI_OVRL_SCRE,CMR,_T,_T,_T,_Z,_Z,_Z,2024,A,0_TO_100,
93.1779,602,0,,A,PU,MEAN,,,,True,ITU_GCI,ITU_GCI_GCI_OVRL_SCRE,CAN,_T,_T,_T,_Z,_Z,_Z,2024,A,0_TO_100,
4.75797,602,0,,A,PU,MEAN,,,,True,ITU_GCI,ITU_GCI_GCI_OVRL_SCRE,CAF,_T,_T,_T,_Z,_Z,_Z,2024,A,0_TO_100,
48.678,602,0,,A,PU,MEAN,,,,True,ITU_GCI,ITU_GCI_GCI_OVRL_SCRE,TCD,_T,_T,_T,_Z,_Z,_Z,2024,A,0_TO_100,
70.2391,602,0,,A,PU,MEAN,,,,True,ITU_GCI,ITU_GCI_GCI_OVRL_SCRE,CHL,_T,_T,_T,_Z,_Z,_Z,2024,A,0_TO_100,
91.7268,602,0,,A,PU,MEAN,,,,True,ITU_GCI,ITU_GCI_GCI_OVRL_SCRE,CHN,_T,_T,_T,_Z,_Z,_Z,2024,A,0_TO_100,
65.7268,602,0,,A,PU,MEAN,,,,True,ITU_GCI,ITU_GCI_GCI_OVRL_SCRE,COL,_T,_T,_T,_Z,_Z,_Z,2024,A,0_TO_100,
39.2239,602,0,,A,PU,MEAN,,,,True,ITU_GCI,ITU_GCI_GCI_OVRL_SCRE,COM,_T,_T,_T,_Z,_Z,_Z,2024,A,0_TO_100,
27.6025,602,0,,A,PU,MEAN,,,,True,ITU_GCI,ITU_GCI_GCI_OVRL_SCRE,COG,_T,_T,_T,_Z,_Z,_Z,2024,A,0_TO_100,
75.0749,602,0,,A,PU,MEAN,,,,True,ITU_GCI,ITU_GCI_GCI_OVRL_SCRE,CRI,_T,_T,_T,_Z,_Z,_Z,2024,A,0_TO_100,
78.9495,602,0,,A,PU,MEAN,,,,True,ITU_GCI,ITU_GCI_GCI_OVRL_SCRE,CIV,_T,_T,_T,_Z,_Z,_Z,2024,A,0_TO_100,
88.2808,602,0,,A,PU,MEAN,,,,True,ITU_GCI,ITU_GCI_GCI_OVRL_SCRE,HRV,_T,_T,_T,_Z,_Z,_Z,2024,A,0_TO_100,
72.8855,602,0,,A,PU,MEAN,,,,True,ITU_GCI,ITU_GCI_GCI_OVRL_SCRE,CUB,_T,_T,_T,_Z,_Z,_Z,2024,A,0_TO_100,
98.0134,602,0,,A,PU,MEAN,,,,True,ITU_GCI,ITU_GCI_GCI_OVRL_SCRE,CYP,_T,_T,_T,_Z,_Z,_Z,2024,A,0_TO_100,
87.934,602,0,,A,PU,MEAN,,,,True,ITU_GCI,ITU_GCI_GCI_OVRL_SCRE,CZE,_T,_T,_T,_Z,_Z,_Z,2024,A,0_TO_100,
6.18328,602,0,,A,PU,MEAN,,,,True,ITU_GCI,ITU_GCI_GCI_OVRL_SCRE,PRK,_T,_T,_T,_Z,_Z,_Z,2024,A,0_TO_100,
56.7525,602,0,,A,PU,MEAN,,,,True,ITU_GCI,ITU_GCI_GCI_OVRL_SCRE,COD,_T,_T,_T,_Z,_Z,_Z,2024,A,0_TO_100,
100,602,0,,A,PU,MEAN,,,,True,ITU_GCI,ITU_GCI_GCI_OVRL_SCRE,DNK,_T,_T,_T,_Z,_Z,_Z,2024,A,0_TO_100,
31.484,602,0,,A,PU,MEAN,,,,True,ITU_GCI,ITU_GCI_GCI_OVRL_SCRE,DJI,_T,_T,_T,_Z,_Z,_Z,2024,A,0_TO_100,
22.8416,602,0,,A,PU,MEAN,,,,True,ITU_GCI,ITU_GCI_GCI_OVRL_SCRE,DMA,_T,_T,_T,_Z,_Z,_Z,2024,A,0_TO_100,
75.8281,602,0,,A,PU,MEAN,,,,True,ITU_GCI,ITU_GCI_GCI_OVRL_SCRE,DOM,_T,_T,_T,_Z,_Z,_Z,2024,A,0_TO_100,
87.11,602,0,,A,PU,MEAN,,,,True,ITU_GCI,ITU_GCI_GCI_OVRL_SCRE,ECU,_T,_T,_T,_Z,_Z,_Z,2024,A,0_TO_100,
100,602,0,,A,PU,MEAN,,,,True,ITU_GCI,ITU_GCI_GCI_OVRL_SCRE,EGY,_T,_T,_T,_Z,_Z,_Z,2024,A,0_TO_100,
37.2938,602,0,,A,PU,MEAN,,,,True,ITU_GCI,ITU_GCI_GCI_OVRL_SCRE,SLV,_T,_T,_T,_Z,_Z,_Z,2024,A,0_TO_100,
25.4429,602,0,,A,PU,MEAN,,,,True,ITU_GCI,ITU_GCI_GCI_OVRL_SCRE,GNQ,_T,_T,_T,_Z,_Z,_Z,2024,A,0_TO_100,
2.20529,602,0,,A,PU,MEAN,,,,True,ITU_GCI,ITU_GCI_GCI_OVRL_SCRE,ERI,_T,_T,_T,_Z,_Z,_Z,2024,A,0_TO_100,
95.0371,602,0,,A,PU,MEAN,,,,True,ITU_GCI,ITU_GCI_GCI_OVRL_SCRE,EST,_T,_T,_T,_Z,_Z,_Z,2024,A,0_TO_100,
79.4293,602,0,,A,PU,MEAN,,,,True,ITU_GCI,ITU_GCI_GCI_OVRL_SCRE,SWZ,_T,_T,_T,_Z,_Z,_Z,2024,A,0_TO_100,
76.5073,602,0,,A,PU,MEAN,,,,True,ITU_GCI,ITU_GCI_GCI_OVRL_SCRE,ETH,_T,_T,_T,_Z,_Z,_Z,2024,A,0_TO_100,
53.8318,602,0,,A,PU,MEAN,,,,True,ITU_GCI,ITU_GCI_GCI_OVRL_SCRE,FJI,_T,_T,_T,_Z,_Z,_Z,2024,A,0_TO_100,
100,602,0,,A,PU,MEAN,,,,True,ITU_GCI,ITU_GCI_GCI_OVRL_SCRE,FIN,_T,_T,_T,_Z,_Z,_Z,2024,A,0_TO_100,
98.9777,602,0,,A,PU,MEAN,,,,True,ITU_GCI,ITU_GCI_GCI_OVRL_SCRE,FRA,_T,_T,_T,_Z,_Z,_Z,2024,A,0_TO_100,
39.8491,602,0,,A,PU,MEAN,,,,True,ITU_GCI,ITU_GCI_GCI_OVRL_SCRE,GAB,_T,_T,_T,_Z,_Z,_Z,2024,A,0_TO_100,
61.7325,602,0,,A,PU,MEAN,,,,True,ITU_GCI,ITU_GCI_GCI_OVRL_SCRE,GMB,_T,_T,_T,_Z,_Z,_Z,2024,A,0_TO_100,
92.0764,602,0,,A,PU,MEAN,,,,True,ITU_GCI,ITU_GCI_GCI_OVRL_SCRE,GEO,_T,_T,_T,_Z,_Z,_Z,2024,A,0_TO_100,
97.8543,602,0,,A,PU,MEAN,,,,True,ITU_GCI,ITU_GCI_GCI_OVRL_SCRE,DEU,_T,_T,_T,_Z,_Z,_Z,2024,A,0_TO_100,
99.2722,602,0,,A,PU,MEAN,,,,True,ITU_GCI,ITU_GCI_GCI_OVRL_SCRE,GHA,_T,_T,_T,_Z,_Z,_Z,2024,A,0_TO_100,
97.1914,602,0,,A,PU,MEAN,,,,True,ITU_GCI,ITU_GCI_GCI_OVRL_SCRE,GRC,_T,_T,_T,_Z,_Z,_Z,2024,A,0_TO_100,
24.7171,602,0,,A,PU,MEAN,,,,True,ITU_GCI,ITU_GCI_GCI_OVRL_SCRE,GRD,_T,_T,_T,_Z,_Z,_Z,2024,A,0_TO_100,
39.9829,602,0,,A,PU,MEAN,,,,True,ITU_GCI,ITU_GCI_GCI_OVRL_SCRE,GTM,_T,_T,_T,_Z,_Z,_Z,2024,A,0_TO_100,
56.5499,602,0,,A,PU,MEAN,,,,True,ITU_GCI,ITU_GCI_GCI_OVRL_SCRE,GIN,_T,_T,_T,_Z,_Z,_Z,2024,A,0_TO_100,
6.43165,602,0,,A,PU,MEAN,,,,True,ITU_GCI,ITU_GCI_GCI_OVRL_SCRE,GNB,_T,_T,_T,_Z,_Z,_Z,2024,A,0_TO_100,
47.3799,602,0,,A,PU,MEAN,,,,True,ITU_GCI,ITU_GCI_GCI_OVRL_SCRE,GUY,_T,_T,_T,_Z,_Z,_Z,2024,A,0_TO_100,
24.2808,602,0,,A,PU,MEAN,,,,True,ITU_GCI,ITU_GCI_GCI_OVRL_SCRE,HTI,_T,_T,_T,_Z,_Z,_Z,2024,A,0_TO_100,
28.0767,602,0,,A,PU,MEAN,,,,True,ITU_GCI,ITU_GCI_GCI_OVRL_SCRE,HND,_T,_T,_T,_Z,_Z,_Z,2024,A,0_TO_100,
88.6486,602,0,,A,PU,MEAN,,,,True,ITU_GCI,ITU_GCI_GCI_OVRL_SCRE,HUN,_T,_T,_T,_Z,_Z,_Z,2024,A,0_TO_100,
98.8259,602,0,,A,PU,MEAN,,,,True,ITU_GCI,ITU_GCI_GCI_OVRL_SCRE,ISL,_T,_T,_T,_Z,_Z,_Z,2024,A,0_TO_100,
98.4926,602,0,,A,PU,MEAN,,,,True,ITU_GCI,ITU_GCI_GCI_OVRL_SCRE,IND,_T,_T,_T,_Z,_Z,_Z,2024,A,0_TO_100,
100,602,0,,A,PU,MEAN,,,,True,ITU_GCI,ITU_GCI_GCI_OVRL_SCRE,IDN,_T,_T,_T,_Z,_Z,_Z,2024,A,0_TO_100,
65.5221,602,0,,A,PU,MEAN,,,,True,ITU_GCI,ITU_GCI_GCI_OVRL_SCRE,IRN,_T,_T,_T,_Z,_Z,_Z,2024,A,0_TO_100,
53.0686,602,0,,A,PU,MEAN,,,,True,ITU_GCI,ITU_GCI_GCI_OVRL_SCRE,IRQ,_T,_T,_T,_Z,_Z,_Z,2024,A,0_TO_100,
90.8879,602,0,,A,PU,MEAN,,,,True,ITU_GCI,ITU_GCI_GCI_OVRL_SCRE,IRL,_T,_T,_T,_Z,_Z,_Z,2024,A,0_TO_100,
93.7581,602,0,,A,PU,MEAN,,,,True,ITU_GCI,ITU_GCI_GCI_OVRL_SCRE,ISR,_T,_T,_T,_Z,_Z,_Z,2024,A,0_TO_100,
100,602,0,,A,PU,MEAN,,,,True,ITU_GCI,ITU_GCI_GCI_OVRL_SCRE,ITA,_T,_T,_T,_Z,_Z,_Z,2024,A,0_TO_100,
58.0284,602,0,,A,PU,MEAN,,,,True,ITU_GCI,ITU_GCI_GCI_OVRL_SCRE,JAM,_T,_T,_T,_Z,_Z,_Z,2024,A,0_TO_100,
97.5731,602,0,,A,PU,MEAN,,,,True,ITU_GCI,ITU_GCI_GCI_OVRL_SCRE,JPN,_T,_T,_T,_Z,_Z,_Z,2024,A,0_TO_100,
98.5974,602,0,,A,PU,MEAN,,,,True,ITU_GCI,ITU_GCI_GCI_OVRL_SCRE,JOR,_T,_T,_T,_Z,_Z,_Z,2024,A,0_TO_100,
94.0533,602,0,,A,PU,MEAN,,,,True,ITU_GCI,ITU_GCI_GCI_OVRL_SCRE,KAZ,_T,_T,_T,_Z,_Z,_Z,2024,A,0_TO_100,
98.5918,602,0,,A,PU,MEAN,,,,True,ITU_GCI,ITU_GCI_GCI_OVRL_SCRE,KEN,_T,_T,_T,_Z,_Z,_Z,2024,A,0_TO_100,
55.63,602,0,,A,PU,MEAN,,,,True,ITU_GCI,ITU_GCI_GCI_OVRL_SCRE,KIR,_T,_T,_T,_Z,_Z,_Z,2024,A,0_TO_100,
60.7327,602,0,,A,PU,MEAN,,,,True,ITU_GCI,ITU_GCI_GCI_OVRL_SCRE,KWT,_T,_T,_T,_Z,_Z,_Z,2024,A,0_TO_100,
65.6034,602,0,,A,PU,MEAN,,,,True,ITU_GCI,ITU_GCI_GCI_OVRL_SCRE,KGZ,_T,_T,_T,_Z,_Z,_Z,2024,A,0_TO_100,
33.7368,602,0,,A,PU,MEAN,,,,True,ITU_GCI,ITU_GCI_GCI_OVRL_SCRE,LAO,_T,_T,_T,_Z,_Z,_Z,2024,A,0_TO_100,
82.629,602,0,,A,PU,MEAN,,,,True,ITU_GCI,ITU_GCI_GCI_OVRL_SCRE,LVA,_T,_T,_T,_Z,_Z,_Z,2024,A,0_TO_100,
32.3841,602,0,,A,PU,MEAN,,,,True,ITU_GCI,ITU_GCI_GCI_OVRL_SCRE,LBN,_T,_T,_T,_Z,_Z,_Z,2024,A,0_TO_100,
30.5826,602,0,,A,PU,MEAN,,,,True,ITU_GCI,ITU_GCI_GCI_OVRL_SCRE,LSO,_T,_T,_T,_Z,_Z,_Z,2024,A,0_TO_100,
21.345,602,0,,A,PU,MEAN,,,,True,ITU_GCI,ITU_GCI_GCI_OVRL_SCRE,LBR,_T,_T,_T,_Z,_Z,_Z,2024,A,0_TO_100,
68.0944,602,0,,A,PU,MEAN,,,,True,ITU_GCI,ITU_GCI_GCI_OVRL_SCRE,LBY,_T,_T,_T,_Z,_Z,_Z,2024,A,0_TO_100,
51.9753,602,0,,A,PU,MEAN,,,,True,ITU_GCI,ITU_GCI_GCI_OVRL_SCRE,LIE,_T,_T,_T,_Z,_Z,_Z,2024,A,0_TO_100,
92.7334,602,0,,A,PU,MEAN,,,,True,ITU_GCI,ITU_GCI_GCI_OVRL_SCRE,LTU,_T,_T,_T,_Z,_Z,_Z,2024,A,0_TO_100,
98.7165,602,0,,A,PU,MEAN,,,,True,ITU_GCI,ITU_GCI_GCI_OVRL_SCRE,LUX,_T,_T,_T,_Z,_Z,_Z,2024,A,0_TO_100,
31.7037,602,0,,A,PU,MEAN,,,,True,ITU_GCI,ITU_GCI_GCI_OVRL_SCRE,MDG,_T,_T,_T,_Z,_Z,_Z,2024,A,0_TO_100,
80.4208,602,0,,A,PU,MEAN,,,,True,ITU_GCI,ITU_GCI_GCI_OVRL_SCRE,MWI,_T,_T,_T,_Z,_Z,_Z,2024,A,0_TO_100,
98.822,602,0,,A,PU,MEAN,,,,True,ITU_GCI,ITU_GCI_GCI_OVRL_SCRE,MYS,_T,_T,_T,_Z,_Z,_Z,2024,A,0_TO_100,
14.8192,602,0,,A,PU,MEAN,,,,True,ITU_GCI,ITU_GCI_GCI_OVRL_SCRE,MDV,_T,_T,_T,_Z,_Z,_Z,2024,A,0_TO_100,
29.4702,602,0,,A,PU,MEAN,,,,True,ITU_GCI,ITU_GCI_GCI_OVRL_SCRE,MLI,_T,_T,_T,_Z,_Z,_Z,2024,A,0_TO_100,
93.416,602,0,,A,PU,MEAN,,,,True,ITU_GCI,ITU_GCI_GCI_OVRL_SCRE,MLT,_T,_T,_T,_Z,_Z,_Z,2024,A,0_TO_100,
14.2365,602,0,,A,PU,MEAN,,,,True,ITU_GCI,ITU_GCI_GCI_OVRL_SCRE,MHL,_T,_T,_T,_Z,_Z,_Z,2024,A,0_TO_100,
39.3282,602,0,,A,PU,MEAN,,,,True,ITU_GCI,ITU_GCI_GCI_OVRL_SCRE,MRT,_T,_T,_T,_Z,_Z,_Z,2024,A,0_TO_100,
100,602,0,,A,PU,MEAN,,,,True,ITU_GCI,ITU_GCI_GCI_OVRL_SCRE,MUS,_T,_T,_T,_Z,_Z,_Z,2024,A,0_TO_100,
85.7622,602,0,,A,PU,MEAN,,,,True,ITU_GCI,ITU_GCI_GCI_OVRL_SCRE,MEX,_T,_T,_T,_Z,_Z,_Z,2024,A,0_TO_100,
8.77261,602,0,,A,PU,MEAN,,,,True,ITU_GCI,ITU_GCI_GCI_OVRL_SCRE,FSM,_T,_T,_T,_Z,_Z,_Z,2024,A,0_TO_100,
65.2538,602,0,,A,PU,MEAN,,,,True,ITU_GCI,ITU_GCI_GCI_OVRL_SCRE,MDA,_T,_T,_T,_Z,_Z,_Z,2024,A,0_TO_100,
75.421,602,0,,A,PU,MEAN,,,,True,ITU_GCI,ITU_GCI_GCI_OVRL_SCRE,MCO,_T,_T,_T,_Z,_Z,_Z,2024,A,0_TO_100,
56.3661,602,0,,A,PU,MEAN,,,,True,ITU_GCI,ITU_GCI_GCI_OVRL_SCRE,MNG,_T,_T,_T,_Z,_Z,_Z,2024,A,0_TO_100,
74.8255,602,0,,A,PU,MEAN,,,,True,ITU_GCI,ITU_GCI_GCI_OVRL_SCRE,MNE,_T,_T,_T,_Z,_Z,_Z,2024,A,0_TO_100,
97.4937,602,0,,A,PU,MEAN,,,,True,ITU_GCI,ITU_GCI_GCI_OVRL_SCRE,MAR,_T,_T,_T,_Z,_Z,_Z,2024,A,0_TO_100,
66.0659,602,0,,A,PU,MEAN,,,,True,ITU_GCI,ITU_GCI_GCI_OVRL_SCRE,MOZ,_T,_T,_T,_Z,_Z,_Z,2024,A,0_TO_100,
73.5815,602,0,,A,PU,MEAN,,,,True,ITU_GCI,ITU_GCI_GCI_OVRL_SCRE,MMR,_T,_T,_T,_Z,_Z,_Z,2024,A,0_TO_100,
36.9239,602,0,,A,PU,MEAN,,,,True,ITU_GCI,ITU_GCI_GCI_OVRL_SCRE,NAM,_T,_T,_T,_Z,_Z,_Z,2024,A,0_TO_100,
21.5961,602,0,,A,PU,MEAN,,,,True,ITU_GCI,ITU_GCI_GCI_OVRL_SCRE,NRU,_T,_T,_T,_Z,_Z,_Z,2024,A,0_TO_100,
69.7622,602,0,,A,PU,MEAN,,,,True,ITU_GCI,ITU_GCI_GCI_OVRL_SCRE,NPL,_T,_T,_T,_Z,_Z,_Z,2024,A,0_TO_100,
99.2176,602,0,,A,PU,MEAN,,,,True,ITU_GCI,ITU_GCI_GCI_OVRL_SCRE,NLD,_T,_T,_T,_Z,_Z,_Z,2024,A,0_TO_100,
82.6202,602,0,,A,PU,MEAN,,,,True,ITU_GCI,ITU_GCI_GCI_OVRL_SCRE,NZL,_T,_T,_T,_Z,_Z,_Z,2024,A,0_TO_100,
20.5532,602,0,,A,PU,MEAN,,,,True,ITU_GCI,ITU_GCI_GCI_OVRL_SCRE,NIC,_T,_T,_T,_Z,_Z,_Z,2024,A,0_TO_100,
41.8639,602,0,,A,PU,MEAN,,,,True,ITU_GCI,ITU_GCI_GCI_OVRL_SCRE,NER,_T,_T,_T,_Z,_Z,_Z,2024,A,0_TO_100,
82.4019,602,0,,A,PU,MEAN,,,,True,ITU_GCI,ITU_GCI_GCI_OVRL_SCRE,NGA,_T,_T,_T,_Z,_Z,_Z,2024,A,0_TO_100,
97.0175,602,0,,A,PU,MEAN,,,,True,ITU_GCI,ITU_GCI_GCI_OVRL_SCRE,NOR,_T,_T,_T,_Z,_Z,_Z,2024,A,0_TO_100,
97.0025,602,0,,A,PU,MEAN,,,,True,ITU_GCI,ITU_GCI_GCI_OVRL_SCRE,OMN,_T,_T,_T,_Z,_Z,_Z,2024,A,0_TO_100,
96.6964,602,0,,A,PU,MEAN,,,,True,ITU_GCI,ITU_GCI_GCI_OVRL_SCRE,PAK,_T,_T,_T,_Z,_Z,_Z,2024,A,0_TO_100,
66.5394,602,0,,A,PU,MEAN,,,,True,ITU_GCI,ITU_GCI_GCI_OVRL_SCRE,PAN,_T,_T,_T,_Z,_Z,_Z,2024,A,0_TO_100,
62.7509,602,0,,A,PU,MEAN,,,,True,ITU_GCI,ITU_GCI_GCI_OVRL_SCRE,PNG,_T,_T,_T,_Z,_Z,_Z,2024,A,0_TO_100,
74.9345,602,0,,A,PU,MEAN,,,,True,ITU_GCI,ITU_GCI_GCI_OVRL_SCRE,PRY,_T,_T,_T,_Z,_Z,_Z,2024,A,0_TO_100,
83.5933,602,0,,A,PU,MEAN,,,,True,ITU_GCI,ITU_GCI_GCI_OVRL_SCRE,PER,_T,_T,_T,_Z,_Z,_Z,2024,A,0_TO_100,
93.4841,602,0,,A,PU,MEAN,,,,True,ITU_GCI,ITU_GCI_GCI_OVRL_SCRE,PHL,_T,_T,_T,_Z,_Z,_Z,2024,A,0_TO_100,
93.5369,602,0,,A,PU,MEAN,,,,True,ITU_GCI,ITU_GCI_GCI_OVRL_SCRE,POL,_T,_T,_T,_Z,_Z,_Z,2024,A,0_TO_100,
99.8565,602,0,,A,PU,MEAN,,,,True,ITU_GCI,ITU_GCI_GCI_OVRL_SCRE,PRT,_T,_T,_T,_Z,_Z,_Z,2024,A,0_TO_100,
100,602,0,,A,PU,MEAN,,,,True,ITU_GCI,ITU_GCI_GCI_OVRL_SCRE,QAT,_T,_T,_T,_Z,_Z,_Z,2024,A,0_TO_100,
100,602,0,,A,PU,MEAN,,,,True,ITU_GCI,ITU_GCI_GCI_OVRL_SCRE,KOR,_T,_T,_T,_Z,_Z,_Z,2024,A,0_TO_100,
91.6187,602,0,,A,PU,MEAN,,,,True,ITU_GCI,ITU_GCI_GCI_OVRL_SCRE,ROU,_T,_T,_T,_Z,_Z,_Z,2024,A,0_TO_100,
92.124,602,0,,A,PU,MEAN,,,,True,ITU_GCI,ITU_GCI_GCI_OVRL_SCRE,RUS,_T,_T,_T,_Z,_Z,_Z,2024,A,0_TO_100,
98.0752,602,0,,A,PU,MEAN,,,,True,ITU_GCI,ITU_GCI_GCI_OVRL_SCRE,RWA,_T,_T,_T,_Z,_Z,_Z,2024,A,0_TO_100,
31.6093,602,0,,A,PU,MEAN,,,,True,ITU_GCI,ITU_GCI_GCI_OVRL_SCRE,KNA,_T,_T,_T,_Z,_Z,_Z,2024,A,0_TO_100,
26.1773,602,0,,A,PU,MEAN,,,,True,ITU_GCI,ITU_GCI_GCI_OVRL_SCRE,LCA,_T,_T,_T,_Z,_Z,_Z,2024,A,0_TO_100,
26.5532,602,0,,A,PU,MEAN,,,,True,ITU_GCI,ITU_GCI_GCI_OVRL_SCRE,VCT,_T,_T,_T,_Z,_Z,_Z,2024,A,0_TO_100,
43.2238,602,0,,A,PU,MEAN,,,,True,ITU_GCI,ITU_GCI_GCI_OVRL_SCRE,WSM,_T,_T,_T,_Z,_Z,_Z,2024,A,0_TO_100,
25.8831,602,0,,A,PU,MEAN,,,,True,ITU_GCI,ITU_GCI_GCI_OVRL_SCRE,SMR,_T,_T,_T,_Z,_Z,_Z,2024,A,0_TO_100,
20.4416,602,0,,A,PU,MEAN,,,,True,ITU_GCI,ITU_GCI_GCI_OVRL_SCRE,STP,_T,_T,_T,_Z,_Z,_Z,2024,A,0_TO_100,
100,602,0,,A,PU,MEAN,,,,True,ITU_GCI,ITU_GCI_GCI_OVRL_SCRE,SAU,_T,_T,_T,_Z,_Z,_Z,2024,A,0_TO_100,
67.3417,602,0,,A,PU,MEAN,,,,True,ITU_GCI,ITU_GCI_GCI_OVRL_SCRE,SEN,_T,_T,_T,_Z,_Z,_Z,2024,A,0_TO_100,
96.8152,602,0,,A,PU,MEAN,,,,True,ITU_GCI,ITU_GCI_GCI_OVRL_SCRE,SRB,_T,_T,_T,_Z,_Z,_Z,2024,A,0_TO_100,
50.4059,602,0,,A,PU,MEAN,,,,True,ITU_GCI,ITU_GCI_GCI_OVRL_SCRE,SYC,_T,_T,_T,_Z,_Z,_Z,2024,A,0_TO_100,
56.6265,602,0,,A,PU,MEAN,,,,True,ITU_GCI,ITU_GCI_GCI_OVRL_SCRE,SLE,_T,_T,_T,_Z,_Z,_Z,2024,A,0_TO_100,
99.8565,602,0,,A,PU,MEAN,,,,True,ITU_GCI,ITU_GCI_GCI_OVRL_SCRE,SGP,_T,_T,_T,_Z,_Z,_Z,2024,A,0_TO_100,
94.4464,602,0,,A,PU,MEAN,,,,True,ITU_GCI,ITU_GCI_GCI_OVRL_SCRE,SVK,_T,_T,_T,_Z,_Z,_Z,2024,A,0_TO_100,
96.4735,602,0,,A,PU,MEAN,,,,True,ITU_GCI,ITU_GCI_GCI_OVRL_SCRE,SVN,_T,_T,_T,_Z,_Z,_Z,2024,A,0_TO_100,
17.6965,602,0,,A,PU,MEAN,,,,True,ITU_GCI,ITU_GCI_GCI_OVRL_SCRE,SLB,_T,_T,_T,_Z,_Z,_Z,2024,A,0_TO_100,
37.386,602,0,,A,PU,MEAN,,,,True,ITU_GCI,ITU_GCI_GCI_OVRL_SCRE,SOM,_T,_T,_T,_Z,_Z,_Z,2024,A,0_TO_100,
86.2463,602,0,,A,PU,MEAN,,,,True,ITU_GCI,ITU_GCI_GCI_OVRL_SCRE,ZAF,_T,_T,_T,_Z,_Z,_Z,2024,A,0_TO_100,
34.3775,602,0,,A,PU,MEAN,,,,True,ITU_GCI,ITU_GCI_GCI_OVRL_SCRE,SSD,_T,_T,_T,_Z,_Z,_Z,2024,A,0_TO_100,
99.7405,602,0,,A,PU,MEAN,,,,True,ITU_GCI,ITU_GCI_GCI_OVRL_SCRE,ESP,_T,_T,_T,_Z,_Z,_Z,2024,A,0_TO_100,
87.0147,602,0,,A,PU,MEAN,,,,True,ITU_GCI,ITU_GCI_GCI_OVRL_SCRE,LKA,_T,_T,_T,_Z,_Z,_Z,2024,A,0_TO_100,
37.6417,602,0,,A,PU,MEAN,,,,True,ITU_GCI,ITU_GCI_GCI_OVRL_SCRE,PSE,_T,_T,_T,_Z,_Z,_Z,2024,A,0_TO_100,
48.1801,602,0,,A,PU,MEAN,,,,True,ITU_GCI,ITU_GCI_GCI_OVRL_SCRE,SDN,_T,_T,_T,_Z,_Z,_Z,2024,A,0_TO_100,
34.785,602,0,,A,PU,MEAN,,,,True,ITU_GCI,ITU_GCI_GCI_OVRL_SCRE,SUR,_T,_T,_T,_Z,_Z,_Z,2024,A,0_TO_100,
99.3128,602,0,,A,PU,MEAN,,,,True,ITU_GCI,ITU_GCI_GCI_OVRL_SCRE,SWE,_T,_T,_T,_Z,_Z,_Z,2024,A,0_TO_100,
91.2547,602,0,,A,PU,MEAN,,,,True,ITU_GCI,ITU_GCI_GCI_OVRL_SCRE,CHE,_T,_T,_T,_Z,_Z,_Z,2024,A,0_TO_100,
51.5505,602,0,,A,PU,MEAN,,,,True,ITU_GCI,ITU_GCI_GCI_OVRL_SCRE,SYR,_T,_T,_T,_Z,_Z,_Z,2024,A,0_TO_100,
25.3648,602,0,,A,PU,MEAN,,,,True,ITU_GCI,ITU_GCI_GCI_OVRL_SCRE,TJK,_T,_T,_T,_Z,_Z,_Z,2024,A,0_TO_100,
99.2666,602,0,,A,PU,MEAN,,,,True,ITU_GCI,ITU_GCI_GCI_OVRL_SCRE,TZA,_T,_T,_T,_Z,_Z,_Z,2024,A,0_TO_100,
99.2188,602,0,,A,PU,MEAN,,,,True,ITU_GCI,ITU_GCI_GCI_OVRL_SCRE,THA,_T,_T,_T,_Z,_Z,_Z,2024,A,0_TO_100,
65.8862,602,0,,A,PU,MEAN,,,,True,ITU_GCI,ITU_GCI_GCI_OVRL_SCRE,MKD,_T,_T,_T,_Z,_Z,_Z,2024,A,0_TO_100,
16.8244,602,0,,A,PU,MEAN,,,,True,ITU_GCI,ITU_GCI_GCI_OVRL_SCRE,TLS,_T,_T,_T,_Z,_Z,_Z,2024,A,0_TO_100,
90.0575,602,0,,A,PU,MEAN,,,,True,ITU_GCI,ITU_GCI_GCI_OVRL_SCRE,TGO,_T,_T,_T,_Z,_Z,_Z,2024,A,0_TO_100,
33.792,602,0,,A,PU,MEAN,,,,True,ITU_GCI,ITU_GCI_GCI_OVRL_SCRE,TON,_T,_T,_T,_Z,_Z,_Z,2024,A,0_TO_100,
56.2231,602,0,,A,PU,MEAN,,,,True,ITU_GCI,ITU_GCI_GCI_OVRL_SCRE,TTO,_T,_T,_T,_Z,_Z,_Z,2024,A,0_TO_100,
81.9286,602,0,,A,PU,MEAN,,,,True,ITU_GCI,ITU_GCI_GCI_OVRL_SCRE,TUN,_T,_T,_T,_Z,_Z,_Z,2024,A,0_TO_100,
100,602,0,,A,PU,MEAN,,,,True,ITU_GCI,ITU_GCI_GCI_OVRL_SCRE,TUR,_T,_T,_T,_Z,_Z,_Z,2024,A,0_TO_100,
25.8553,602,0,,A,PU,MEAN,,,,True,ITU_GCI,ITU_GCI_GCI_OVRL_SCRE,TKM,_T,_T,_T,_Z,_Z,_Z,2024,A,0_TO_100,
20.3391,602,0,,A,PU,MEAN,,,,True,ITU_GCI,ITU_GCI_GCI_OVRL_SCRE,TUV,_T,_T,_T,_Z,_Z,_Z,2024,A,0_TO_100,
83.1033,602,0,,A,PU,MEAN,,,,True,ITU_GCI,ITU_GCI_GCI_OVRL_SCRE,UGA,_T,_T,_T,_Z,_Z,_Z,2024,A,0_TO_100,
83.9379,602,0,,A,PU,MEAN,,,,True,ITU_GCI,ITU_GCI_GCI_OVRL_SCRE,UKR,_T,_T,_T,_Z,_Z,_Z,2024,A,0_TO_100,
100,602,0,,A,PU,MEAN,,,,True,ITU_GCI,ITU_GCI_GCI_OVRL_SCRE,ARE,_T,_T,_T,_Z,_Z,_Z,2024,A,0_TO_100,
100,602,0,,A,PU,MEAN,,,,True,ITU_GCI,ITU_GCI_GCI_OVRL_SCRE,GBR,_T,_T,_T,_Z,_Z,_Z,2024,A,0_TO_100,
99.8565,602,0,,A,PU,MEAN,,,,True,ITU_GCI,ITU_GCI_GCI_OVRL_SCRE,USA,_T,_T,_T,_Z,_Z,_Z,2024,A,0_TO_100,
94.699,602,0,,A,PU,MEAN,,,,True,ITU_GCI,ITU_GCI_GCI_OVRL_SCRE,URY,_T,_T,_T,_Z,_Z,_Z,2024,A,0_TO_100,
89.2007,602,0,,A,PU,MEAN,,,,True,ITU_GCI,ITU_GCI_GCI_OVRL_SCRE,UZB,_T,_T,_T,_Z,_Z,_Z,2024,A,0_TO_100,
69.2881,602,0,,A,PU,MEAN,,,,True,ITU_GCI,ITU_GCI_GCI_OVRL_SCRE,VUT,_T,_T,_T,_Z,_Z,_Z,2024,A,0_TO_100,
6.15025,602,0,,A,PU,MEAN,,,,True,ITU_GCI,ITU_GCI_GCI_OVRL_SCRE,VAT,_T,_T,_T,_Z,_Z,_Z,2024,A,0_TO_100,
40.4988,602,0,,A,PU,MEAN,,,,True,ITU_GCI,ITU_GCI_GCI_OVRL_SCRE,VEN,_T,_T,_T,_Z,_Z,_Z,2024,A,0_TO_100,
99.7405,602,0,,A,PU,MEAN,,,,True,ITU_GCI,ITU_GCI_GCI_OVRL_SCRE,VNM,_T,_T,_T,_Z,_Z,_Z,2024,A,0_TO_100,
7.19487,602,0,,A,PU,MEAN,,,,True,ITU_GCI,ITU_GCI_GCI_OVRL_SCRE,YEM,_T,_T,_T,_Z,_Z,_Z,2024,A,0_TO_100,
92.5816,602,0,,A,PU,MEAN,,,,True,ITU_GCI,ITU_GCI_GCI_OVRL_SCRE,ZMB,_T,_T,_T,_Z,_Z,_Z,2024,A,0_TO_100,
39.8608,602,0,,A,PU,MEAN,,,,True,ITU_GCI,ITU_GCI_GCI_OVRL_SCRE,ZWE,_T,_T,_T,_Z,_Z,_Z,2024,A,0_TO_100,
